Sıra;Köy Adı;Katılımcı Kodu;Yaş Grubu;Cinsiyet;Öğrenci/Veli;Oturum Tarihi;Katılım Durumu;İmza;Not
1;KABALA;K001;13-17;K/E;Öğrenci;26.03.2026;Katıldı/Katılmadı;;
2;KABALA;K002;13-17;K/E;Öğrenci;26.03.2026;Katıldı/Katılmadı;;
3;KABALA;K003;13-17;K/E;Öğrenci;26.03.2026;Katıldı/Katılmadı;;
4;KABALA;K004;13-17;K/E;Öğrenci;26.03.2026;Katıldı/Katılmadı;;
5;KABALA;K005;18-25;K/E;Genç;26.03.2026;Katıldı/Katılmadı;;
6;KABALA;K006;18-25;K/E;Genç;26.03.2026;Katıldı/Katılmadı;;
7;KABALA;K007;18-25;K/E;Genç;26.03.2026;Katıldı/Katılmadı;;
8;KABALA;K008;26-40;K/E;Veli;26.03.2026;Katıldı/Katılmadı;;
9;KABALA;K009;26-40;K/E;Veli;26.03.2026;Katıldı/Katılmadı;;
10;KABALA;K010;26-40;K/E;Veli;26.03.2026;Katıldı/Katılmadı;;
11;KABALA;K011;26-40;K/E;Veli;26.03.2026;Katıldı/Katılmadı;;
12;KABALA;K012;26-40;K/E;Veli;26.03.2026;Katıldı/Katılmadı;;
13;KABALA;K013;41-60;K/E;Veli;26.03.2026;Katıldı/Katılmadı;;
14;KABALA;K014;41-60;K/E;Veli;26.03.2026;Katıldı/Katılmadı;;
15;KABALA;K015;41-60;K/E;Veli;26.03.2026;Katıldı/Katılmadı;;
16;KABALA;K016;41-60;K/E;Veli;26.03.2026;Katıldı/Katılmadı;;
17;KABALA;K017;60+;K/E;Yetişkin;26.03.2026;Katıldı/Katılmadı;;
18;KABALA;K018;60+;K/E;Yetişkin;26.03.2026;Katıldı/Katılmadı;;
19;KABALA;K019;60+;K/E;Yetişkin;26.03.2026;Katıldı/Katılmadı;;
20;KABALA;K020;60+;K/E;Yetişkin;26.03.2026;Katıldı/Katılmadı;;
21;YALIM;K021;13-17;K/E;Öğrenci;26.03.2026;Katıldı/Katılmadı;;
22;YALIM;K022;13-17;K/E;Öğrenci;26.03.2026;Katıldı/Katılmadı;;
23;YALIM;K023;13-17;K/E;Öğrenci;26.03.2026;Katıldı/Katılmadı;;
24;YALIM;K024;13-17;K/E;Öğrenci;26.03.2026;Katıldı/Katılmadı;;
25;YALIM;K025;18-25;K/E;Genç;26.03.2026;Katıldı/Katılmadı;;
26;YALIM;K026;18-25;K/E;Genç;26.03.2026;Katıldı/Katılmadı;;
27;YALIM;K027;18-25;K/E;Genç;26.03.2026;Katıldı/Katılmadı;;
28;YALIM;K028;26-40;K/E;Veli;26.03.2026;Katıldı/Katılmadı;;
29;YALIM;K029;26-40;K/E;Veli;26.03.2026;Katıldı/Katılmadı;;
30;YALIM;K030;26-40;K/E;Veli;26.03.2026;Katıldı/Katılmadı;;
31;YALIM;K031;26-40;K/E;Veli;26.03.2026;Katıldı/Katılmadı;;
32;YALIM;K032;26-40;K/E;Veli;26.03.2026;Katıldı/Katılmadı;;
33;YALIM;K033;41-60;K/E;Veli;26.03.2026;Katıldı/Katılmadı;;
34;YALIM;K034;41-60;K/E;Veli;26.03.2026;Katıldı/Katılmadı;;
35;YALIM;K035;41-60;K/E;Veli;26.03.2026;Katıldı/Katılmadı;;
36;YALIM;K036;41-60;K/E;Veli;26.03.2026;Katıldı/Katılmadı;;
37;YALIM;K037;60+;K/E;Yetişkin;26.03.2026;Katıldı/Katılmadı;;
38;YALIM;K038;60+;K/E;Yetişkin;26.03.2026;Katıldı/Katılmadı;;
39;YALIM;K039;60+;K/E;Yetişkin;26.03.2026;Katıldı/Katılmadı;;
40;YALIM;K040;60+;K/E;Yetişkin;26.03.2026;Katıldı/Katılmadı;;
41;ORTAKÖY;K041;13-17;K/E;Öğrenci;26.03.2026;Katıldı/Katılmadı;;
42;ORTAKÖY;K042;13-17;K/E;Öğrenci;26.03.2026;Katıldı/Katılmadı;;
43;ORTAKÖY;K043;13-17;K/E;Öğrenci;26.03.2026;Katıldı/Katılmadı;;
44;ORTAKÖY;K044;13-17;K/E;Öğrenci;26.03.2026;Katıldı/Katılmadı;;
45;ORTAKÖY;K045;18-25;K/E;Genç;26.03.2026;Katıldı/Katılmadı;;
46;ORTAKÖY;K046;18-25;K/E;Genç;26.03.2026;Katıldı/Katılmadı;;
47;ORTAKÖY;K047;18-25;K/E;Genç;26.03.2026;Katıldı/Katılmadı;;
48;ORTAKÖY;K048;26-40;K/E;Veli;26.03.2026;Katıldı/Katılmadı;;
49;ORTAKÖY;K049;26-40;K/E;Veli;26.03.2026;Katıldı/Katılmadı;;
50;ORTAKÖY;K050;26-40;K/E;Veli;26.03.2026;Katıldı/Katılmadı;;
51;ORTAKÖY;K051;26-40;K/E;Veli;26.03.2026;Katıldı/Katılmadı;;
52;ORTAKÖY;K052;26-40;K/E;Veli;26.03.2026;Katıldı/Katılmadı;;
53;ORTAKÖY;K053;41-60;K/E;Veli;26.03.2026;Katıldı/Katılmadı;;
54;ORTAKÖY;K054;41-60;K/E;Veli;26.03.2026;Katıldı/Katılmadı;;
55;ORTAKÖY;K055;41-60;K/E;Veli;26.03.2026;Katıldı/Katılmadı;;
56;ORTAKÖY;K056;41-60;K/E;Veli;26.03.2026;Katıldı/Katılmadı;;
57;ORTAKÖY;K057;60+;K/E;Yetişkin;26.03.2026;Katıldı/Katılmadı;;
58;ORTAKÖY;K058;60+;K/E;Yetişkin;26.03.2026;Katıldı/Katılmadı;;
59;ORTAKÖY;K059;60+;K/E;Yetişkin;26.03.2026;Katıldı/Katılmadı;;
60;ORTAKÖY;K060;60+;K/E;Yetişkin;26.03.2026;Katıldı/Katılmadı;;
61;GÖKÇE;K061;13-17;K/E;Öğrenci;26.03.2026;Katıldı/Katılmadı;;
62;GÖKÇE;K062;13-17;K/E;Öğrenci;26.03.2026;Katıldı/Katılmadı;;
63;GÖKÇE;K063;13-17;K/E;Öğrenci;26.03.2026;Katıldı/Katılmadı;;
64;GÖKÇE;K064;13-17;K/E;Öğrenci;26.03.2026;Katıldı/Katılmadı;;
65;GÖKÇE;K065;18-25;K/E;Genç;26.03.2026;Katıldı/Katılmadı;;
66;GÖKÇE;K066;18-25;K/E;Genç;26.03.2026;Katıldı/Katılmadı;;
67;GÖKÇE;K067;18-25;K/E;Genç;26.03.2026;Katıldı/Katılmadı;;
68;GÖKÇE;K068;26-40;K/E;Veli;26.03.2026;Katıldı/Katılmadı;;
69;GÖKÇE;K069;26-40;K/E;Veli;26.03.2026;Katıldı/Katılmadı;;
70;GÖKÇE;K070;26-40;K/E;Veli;26.03.2026;Katıldı/Katılmadı;;
71;GÖKÇE;K071;26-40;K/E;Veli;26.03.2026;Katıldı/Katılmadı;;
72;GÖKÇE;K072;26-40;K/E;Veli;26.03.2026;Katıldı/Katılmadı;;
73;GÖKÇE;K073;41-60;K/E;Veli;26.03.2026;Katıldı/Katılmadı;;
74;GÖKÇE;K074;41-60;K/E;Veli;26.03.2026;Katıldı/Katılmadı;;
75;GÖKÇE;K075;41-60;K/E;Veli;26.03.2026;Katıldı/Katılmadı;;
76;GÖKÇE;K076;41-60;K/E;Veli;26.03.2026;Katıldı/Katılmadı;;
77;GÖKÇE;K077;60+;K/E;Yetişkin;26.03.2026;Katıldı/Katılmadı;;
78;GÖKÇE;K078;60+;K/E;Yetişkin;26.03.2026;Katıldı/Katılmadı;;
79;GÖKÇE;K079;60+;K/E;Yetişkin;26.03.2026;Katıldı/Katılmadı;;
80;GÖKÇE;K080;60+;K/E;Yetişkin;26.03.2026;Katıldı/Katılmadı;;
81;KUMLU;K081;13-17;K/E;Öğrenci;26.03.2026;Katıldı/Katılmadı;;
82;KUMLU;K082;13-17;K/E;Öğrenci;26.03.2026;Katıldı/Katılmadı;;
83;KUMLU;K083;13-17;K/E;Öğrenci;26.03.2026;Katıldı/Katılmadı;;
84;KUMLU;K084;13-17;K/E;Öğrenci;26.03.2026;Katıldı/Katılmadı;;
85;KUMLU;K085;18-25;K/E;Genç;26.03.2026;Katıldı/Katılmadı;;
86;KUMLU;K086;18-25;K/E;Genç;26.03.2026;Katıldı/Katılmadı;;
87;KUMLU;K087;18-25;K/E;Genç;26.03.2026;Katıldı/Katılmadı;;
88;KUMLU;K088;26-40;K/E;Veli;26.03.2026;Katıldı/Katılmadı;;
89;KUMLU;K089;26-40;K/E;Veli;26.03.2026;Katıldı/Katılmadı;;
90;KUMLU;K090;26-40;K/E;Veli;26.03.2026;Katıldı/Katılmadı;;
91;KUMLU;K091;26-40;K/E;Veli;26.03.2026;Katıldı/Katılmadı;;
92;KUMLU;K092;26-40;K/E;Veli;26.03.2026;Katıldı/Katılmadı;;
93;KUMLU;K093;41-60;K/E;Veli;26.03.2026;Katıldı/Katılmadı;;
94;KUMLU;K094;41-60;K/E;Veli;26.03.2026;Katıldı/Katılmadı;;
95;KUMLU;K095;41-60;K/E;Veli;26.03.2026;Katıldı/Katılmadı;;
96;KUMLU;K096;41-60;K/E;Veli;26.03.2026;Katıldı/Katılmadı;;
97;KUMLU;K097;60+;K/E;Yetişkin;26.03.2026;Katıldı/Katılmadı;;
98;KUMLU;K098;60+;K/E;Yetişkin;26.03.2026;Katıldı/Katılmadı;;
99;KUMLU;K099;60+;K/E;Yetişkin;26.03.2026;Katıldı/Katılmadı;;
100;KUMLU;K100;60+;K/E;Yetişkin;26.03.2026;Katıldı/Katılmadı;;
101;YAYLABAŞI;K101;13-17;K/E;Öğrenci;26.03.2026;Katıldı/Katılmadı;;
102;YAYLABAŞI;K102;13-17;K/E;Öğrenci;26.03.2026;Katıldı/Katılmadı;;
103;YAYLABAŞI;K103;13-17;K/E;Öğrenci;26.03.2026;Katıldı/Katılmadı;;
104;YAYLABAŞI;K104;13-17;K/E;Öğrenci;26.03.2026;Katıldı/Katılmadı;;
105;YAYLABAŞI;K105;18-25;K/E;Genç;26.03.2026;Katıldı/Katılmadı;;
106;YAYLABAŞI;K106;18-25;K/E;Genç;26.03.2026;Katıldı/Katılmadı;;
107;YAYLABAŞI;K107;18-25;K/E;Genç;26.03.2026;Katıldı/Katılmadı;;
108;YAYLABAŞI;K108;26-40;K/E;Veli;26.03.2026;Katıldı/Katılmadı;;
109;YAYLABAŞI;K109;26-40;K/E;Veli;26.03.2026;Katıldı/Katılmadı;;
110;YAYLABAŞI;K110;26-40;K/E;Veli;26.03.2026;Katıldı/Katılmadı;;
111;YAYLABAŞI;K111;26-40;K/E;Veli;26.03.2026;Katıldı/Katılmadı;;
112;YAYLABAŞI;K112;26-40;K/E;Veli;26.03.2026;Katıldı/Katılmadı;;
113;YAYLABAŞI;K113;41-60;K/E;Veli;26.03.2026;Katıldı/Katılmadı;;
114;YAYLABAŞI;K114;41-60;K/E;Veli;26.03.2026;Katıldı/Katılmadı;;
115;YAYLABAŞI;K115;41-60;K/E;Veli;26.03.2026;Katıldı/Katılmadı;;
116;YAYLABAŞI;K116;41-60;K/E;Veli;26.03.2026;Katıldı/Katılmadı;;
117;YAYLABAŞI;K117;60+;K/E;Yetişkin;26.03.2026;Katıldı/Katılmadı;;
118;YAYLABAŞI;K118;60+;K/E;Yetişkin;26.03.2026;Katıldı/Katılmadı;;
119;YAYLABAŞI;K119;60+;K/E;Yetişkin;26.03.2026;Katıldı/Katılmadı;;
120;YAYLABAŞI;K120;60+;K/E;Yetişkin;26.03.2026;Katıldı/Katılmadı;;
121;ACAR;K121;13-17;K/E;Öğrenci;26.03.2026;Katıldı/Katılmadı;;
122;ACAR;K122;13-17;K/E;Öğrenci;26.03.2026;Katıldı/Katılmadı;;
123;ACAR;K123;13-17;K/E;Öğrenci;26.03.2026;Katıldı/Katılmadı;;
124;ACAR;K124;13-17;K/E;Öğrenci;26.03.2026;Katıldı/Katılmadı;;
125;ACAR;K125;18-25;K/E;Genç;26.03.2026;Katıldı/Katılmadı;;
126;ACAR;K126;18-25;K/E;Genç;26.03.2026;Katıldı/Katılmadı;;
127;ACAR;K127;18-25;K/E;Genç;26.03.2026;Katıldı/Katılmadı;;
128;ACAR;K128;26-40;K/E;Veli;26.03.2026;Katıldı/Katılmadı;;
129;ACAR;K129;26-40;K/E;Veli;26.03.2026;Katıldı/Katılmadı;;
130;ACAR;K130;26-40;K/E;Veli;26.03.2026;Katıldı/Katılmadı;;
131;ACAR;K131;26-40;K/E;Veli;26.03.2026;Katıldı/Katılmadı;;
132;ACAR;K132;26-40;K/E;Veli;26.03.2026;Katıldı/Katılmadı;;
133;ACAR;K133;41-60;K/E;Veli;26.03.2026;Katıldı/Katılmadı;;
134;ACAR;K134;41-60;K/E;Veli;26.03.2026;Katıldı/Katılmadı;;
135;ACAR;K135;41-60;K/E;Veli;26.03.2026;Katıldı/Katılmadı;;
136;ACAR;K136;41-60;K/E;Veli;26.03.2026;Katıldı/Katılmadı;;
137;ACAR;K137;60+;K/E;Yetişkin;26.03.2026;Katıldı/Katılmadı;;
138;ACAR;K138;60+;K/E;Yetişkin;26.03.2026;Katıldı/Katılmadı;;
139;ACAR;K139;60+;K/E;Yetişkin;26.03.2026;Katıldı/Katılmadı;;
140;ACAR;K140;60+;K/E;Yetişkin;26.03.2026;Katıldı/Katılmadı;;
141;AKBAĞ;K141;13-17;K/E;Öğrenci;26.03.2026;Katıldı/Katılmadı;;
142;AKBAĞ;K142;13-17;K/E;Öğrenci;26.03.2026;Katıldı/Katılmadı;;
143;AKBAĞ;K143;13-17;K/E;Öğrenci;26.03.2026;Katıldı/Katılmadı;;
144;AKBAĞ;K144;13-17;K/E;Öğrenci;26.03.2026;Katıldı/Katılmadı;;
145;AKBAĞ;K145;18-25;K/E;Genç;26.03.2026;Katıldı/Katılmadı;;
146;AKBAĞ;K146;18-25;K/E;Genç;26.03.2026;Katıldı/Katılmadı;;
147;AKBAĞ;K147;18-25;K/E;Genç;26.03.2026;Katıldı/Katılmadı;;
148;AKBAĞ;K148;26-40;K/E;Veli;26.03.2026;Katıldı/Katılmadı;;
149;AKBAĞ;K149;26-40;K/E;Veli;26.03.2026;Katıldı/Katılmadı;;
150;AKBAĞ;K150;26-40;K/E;Veli;26.03.2026;Katıldı/Katılmadı;;
151;AKBAĞ;K151;26-40;K/E;Veli;26.03.2026;Katıldı/Katılmadı;;
152;AKBAĞ;K152;26-40;K/E;Veli;26.03.2026;Katıldı/Katılmadı;;
153;AKBAĞ;K153;41-60;K/E;Veli;26.03.2026;Katıldı/Katılmadı;;
154;AKBAĞ;K154;41-60;K/E;Veli;26.03.2026;Katıldı/Katılmadı;;
155;AKBAĞ;K155;41-60;K/E;Veli;26.03.2026;Katıldı/Katılmadı;;
156;AKBAĞ;K156;41-60;K/E;Veli;26.03.2026;Katıldı/Katılmadı;;
157;AKBAĞ;K157;60+;K/E;Yetişkin;26.03.2026;Katıldı/Katılmadı;;
158;AKBAĞ;K158;60+;K/E;Yetişkin;26.03.2026;Katıldı/Katılmadı;;
159;AKBAĞ;K159;60+;K/E;Yetişkin;26.03.2026;Katıldı/Katılmadı;;
160;AKBAĞ;K160;60+;K/E;Yetişkin;26.03.2026;Katıldı/Katılmadı;;
161;AMBAR;K161;13-17;K/E;Öğrenci;26.03.2026;Katıldı/Katılmadı;;
162;AMBAR;K162;13-17;K/E;Öğrenci;26.03.2026;Katıldı/Katılmadı;;
163;AMBAR;K163;13-17;K/E;Öğrenci;26.03.2026;Katıldı/Katılmadı;;
164;AMBAR;K164;13-17;K/E;Öğrenci;26.03.2026;Katıldı/Katılmadı;;
165;AMBAR;K165;18-25;K/E;Genç;26.03.2026;Katıldı/Katılmadı;;
166;AMBAR;K166;18-25;K/E;Genç;26.03.2026;Katıldı/Katılmadı;;
167;AMBAR;K167;18-25;K/E;Genç;26.03.2026;Katıldı/Katılmadı;;
168;AMBAR;K168;26-40;K/E;Veli;26.03.2026;Katıldı/Katılmadı;;
169;AMBAR;K169;26-40;K/E;Veli;26.03.2026;Katıldı/Katılmadı;;
170;AMBAR;K170;26-40;K/E;Veli;26.03.2026;Katıldı/Katılmadı;;
171;AMBAR;K171;26-40;K/E;Veli;26.03.2026;Katıldı/Katılmadı;;
172;AMBAR;K172;26-40;K/E;Veli;26.03.2026;Katıldı/Katılmadı;;
173;AMBAR;K173;41-60;K/E;Veli;26.03.2026;Katıldı/Katılmadı;;
174;AMBAR;K174;41-60;K/E;Veli;26.03.2026;Katıldı/Katılmadı;;
175;AMBAR;K175;41-60;K/E;Veli;26.03.2026;Katıldı/Katılmadı;;
176;AMBAR;K176;41-60;K/E;Veli;26.03.2026;Katıldı/Katılmadı;;
177;AMBAR;K177;60+;K/E;Yetişkin;26.03.2026;Katıldı/Katılmadı;;
178;AMBAR;K178;60+;K/E;Yetişkin;26.03.2026;Katıldı/Katılmadı;;
179;AMBAR;K179;60+;K/E;Yetişkin;26.03.2026;Katıldı/Katılmadı;;
180;AMBAR;K180;60+;K/E;Yetişkin;26.03.2026;Katıldı/Katılmadı;;
181;ARPATEPE;K181;13-17;K/E;Öğrenci;26.03.2026;Katıldı/Katılmadı;;
182;ARPATEPE;K182;13-17;K/E;Öğrenci;26.03.2026;Katıldı/Katılmadı;;
183;ARPATEPE;K183;13-17;K/E;Öğrenci;26.03.2026;Katıldı/Katılmadı;;
184;ARPATEPE;K184;13-17;K/E;Öğrenci;26.03.2026;Katıldı/Katılmadı;;
185;ARPATEPE;K185;18-25;K/E;Genç;26.03.2026;Katıldı/Katılmadı;;
186;ARPATEPE;K186;18-25;K/E;Genç;26.03.2026;Katıldı/Katılmadı;;
187;ARPATEPE;K187;18-25;K/E;Genç;26.03.2026;Katıldı/Katılmadı;;
188;ARPATEPE;K188;26-40;K/E;Veli;26.03.2026;Katıldı/Katılmadı;;
189;ARPATEPE;K189;26-40;K/E;Veli;26.03.2026;Katıldı/Katılmadı;;
190;ARPATEPE;K190;26-40;K/E;Veli;26.03.2026;Katıldı/Katılmadı;;
191;ARPATEPE;K191;26-40;K/E;Veli;26.03.2026;Katıldı/Katılmadı;;
192;ARPATEPE;K192;26-40;K/E;Veli;26.03.2026;Katıldı/Katılmadı;;
193;ARPATEPE;K193;41-60;K/E;Veli;26.03.2026;Katıldı/Katılmadı;;
194;ARPATEPE;K194;41-60;K/E;Veli;26.03.2026;Katıldı/Katılmadı;;
195;ARPATEPE;K195;41-60;K/E;Veli;26.03.2026;Katıldı/Katılmadı;;
196;ARPATEPE;K196;41-60;K/E;Veli;26.03.2026;Katıldı/Katılmadı;;
197;ARPATEPE;K197;60+;K/E;Yetişkin;26.03.2026;Katıldı/Katılmadı;;
198;ARPATEPE;K198;60+;K/E;Yetişkin;26.03.2026;Katıldı/Katılmadı;;
199;ARPATEPE;K199;60+;K/E;Yetişkin;26.03.2026;Katıldı/Katılmadı;;
200;ARPATEPE;K200;60+;K/E;Yetişkin;26.03.2026;Katıldı/Katılmadı;;
201;AVCILAR;K201;13-17;K/E;Öğrenci;26.03.2026;Katıldı/Katılmadı;;
202;AVCILAR;K202;13-17;K/E;Öğrenci;26.03.2026;Katıldı/Katılmadı;;
203;AVCILAR;K203;13-17;K/E;Öğrenci;26.03.2026;Katıldı/Katılmadı;;
204;AVCILAR;K204;13-17;K/E;Öğrenci;26.03.2026;Katıldı/Katılmadı;;
205;AVCILAR;K205;18-25;K/E;Genç;26.03.2026;Katıldı/Katılmadı;;
206;AVCILAR;K206;18-25;K/E;Genç;26.03.2026;Katıldı/Katılmadı;;
207;AVCILAR;K207;18-25;K/E;Genç;26.03.2026;Katıldı/Katılmadı;;
208;AVCILAR;K208;26-40;K/E;Veli;26.03.2026;Katıldı/Katılmadı;;
209;AVCILAR;K209;26-40;K/E;Veli;26.03.2026;Katıldı/Katılmadı;;
210;AVCILAR;K210;26-40;K/E;Veli;26.03.2026;Katıldı/Katılmadı;;
211;AVCILAR;K211;26-40;K/E;Veli;26.03.2026;Katıldı/Katılmadı;;
212;AVCILAR;K212;26-40;K/E;Veli;26.03.2026;Katıldı/Katılmadı;;
213;AVCILAR;K213;41-60;K/E;Veli;26.03.2026;Katıldı/Katılmadı;;
214;AVCILAR;K214;41-60;K/E;Veli;26.03.2026;Katıldı/Katılmadı;;
215;AVCILAR;K215;41-60;K/E;Veli;26.03.2026;Katıldı/Katılmadı;;
216;AVCILAR;K216;41-60;K/E;Veli;26.03.2026;Katıldı/Katılmadı;;
217;AVCILAR;K217;60+;K/E;Yetişkin;26.03.2026;Katıldı/Katılmadı;;
218;AVCILAR;K218;60+;K/E;Yetişkin;26.03.2026;Katıldı/Katılmadı;;
219;AVCILAR;K219;60+;K/E;Yetişkin;26.03.2026;Katıldı/Katılmadı;;
220;AVCILAR;K220;60+;K/E;Yetişkin;26.03.2026;Katıldı/Katılmadı;;
221;BAĞLICA;K221;13-17;K/E;Öğrenci;26.03.2026;Katıldı/Katılmadı;;
222;BAĞLICA;K222;13-17;K/E;Öğrenci;26.03.2026;Katıldı/Katılmadı;;
223;BAĞLICA;K223;13-17;K/E;Öğrenci;26.03.2026;Katıldı/Katılmadı;;
224;BAĞLICA;K224;13-17;K/E;Öğrenci;26.03.2026;Katıldı/Katılmadı;;
225;BAĞLICA;K225;18-25;K/E;Genç;26.03.2026;Katıldı/Katılmadı;;
226;BAĞLICA;K226;18-25;K/E;Genç;26.03.2026;Katıldı/Katılmadı;;
227;BAĞLICA;K227;18-25;K/E;Genç;26.03.2026;Katıldı/Katılmadı;;
228;BAĞLICA;K228;26-40;K/E;Veli;26.03.2026;Katıldı/Katılmadı;;
229;BAĞLICA;K229;26-40;K/E;Veli;26.03.2026;Katıldı/Katılmadı;;
230;BAĞLICA;K230;26-40;K/E;Veli;26.03.2026;Katıldı/Katılmadı;;
231;BAĞLICA;K231;26-40;K/E;Veli;26.03.2026;Katıldı/Katılmadı;;
232;BAĞLICA;K232;26-40;K/E;Veli;26.03.2026;Katıldı/Katılmadı;;
233;BAĞLICA;K233;41-60;K/E;Veli;26.03.2026;Katıldı/Katılmadı;;
234;BAĞLICA;K234;41-60;K/E;Veli;26.03.2026;Katıldı/Katılmadı;;
235;BAĞLICA;K235;41-60;K/E;Veli;26.03.2026;Katıldı/Katılmadı;;
236;BAĞLICA;K236;41-60;K/E;Veli;26.03.2026;Katıldı/Katılmadı;;
237;BAĞLICA;K237;60+;K/E;Yetişkin;26.03.2026;Katıldı/Katılmadı;;
238;BAĞLICA;K238;60+;K/E;Yetişkin;26.03.2026;Katıldı/Katılmadı;;
239;BAĞLICA;K239;60+;K/E;Yetişkin;26.03.2026;Katıldı/Katılmadı;;
240;BAĞLICA;K240;60+;K/E;Yetişkin;26.03.2026;Katıldı/Katılmadı;;
241;CEVİZLİ;K241;13-17;K/E;Öğrenci;26.03.2026;Katıldı/Katılmadı;;
242;CEVİZLİ;K242;13-17;K/E;Öğrenci;26.03.2026;Katıldı/Katılmadı;;
243;CEVİZLİ;K243;13-17;K/E;Öğrenci;26.03.2026;Katıldı/Katılmadı;;
244;CEVİZLİ;K244;13-17;K/E;Öğrenci;26.03.2026;Katıldı/Katılmadı;;
245;CEVİZLİ;K245;18-25;K/E;Genç;26.03.2026;Katıldı/Katılmadı;;
246;CEVİZLİ;K246;18-25;K/E;Genç;26.03.2026;Katıldı/Katılmadı;;
247;CEVİZLİ;K247;18-25;K/E;Genç;26.03.2026;Katıldı/Katılmadı;;
248;CEVİZLİ;K248;26-40;K/E;Veli;26.03.2026;Katıldı/Katılmadı;;
249;CEVİZLİ;K249;26-40;K/E;Veli;26.03.2026;Katıldı/Katılmadı;;
250;CEVİZLİ;K250;26-40;K/E;Veli;26.03.2026;Katıldı/Katılmadı;;
251;CEVİZLİ;K251;26-40;K/E;Veli;26.03.2026;Katıldı/Katılmadı;;
252;CEVİZLİ;K252;26-40;K/E;Veli;26.03.2026;Katıldı/Katılmadı;;
253;CEVİZLİ;K253;41-60;K/E;Veli;26.03.2026;Katıldı/Katılmadı;;
254;CEVİZLİ;K254;41-60;K/E;Veli;26.03.2026;Katıldı/Katılmadı;;
255;CEVİZLİ;K255;41-60;K/E;Veli;26.03.2026;Katıldı/Katılmadı;;
256;CEVİZLİ;K256;41-60;K/E;Veli;26.03.2026;Katıldı/Katılmadı;;
257;CEVİZLİ;K257;60+;K/E;Yetişkin;26.03.2026;Katıldı/Katılmadı;;
258;CEVİZLİ;K258;60+;K/E;Yetişkin;26.03.2026;Katıldı/Katılmadı;;
259;CEVİZLİ;K259;60+;K/E;Yetişkin;26.03.2026;Katıldı/Katılmadı;;
260;CEVİZLİ;K260;60+;K/E;Yetişkin;26.03.2026;Katıldı/Katılmadı;;
261;ÇATAK;K261;13-17;K/E;Öğrenci;26.03.2026;Katıldı/Katılmadı;;
262;ÇATAK;K262;13-17;K/E;Öğrenci;26.03.2026;Katıldı/Katılmadı;;
263;ÇATAK;K263;13-17;K/E;Öğrenci;26.03.2026;Katıldı/Katılmadı;;
264;ÇATAK;K264;13-17;K/E;Öğrenci;26.03.2026;Katıldı/Katılmadı;;
265;ÇATAK;K265;18-25;K/E;Genç;26.03.2026;Katıldı/Katılmadı;;
266;ÇATAK;K266;18-25;K/E;Genç;26.03.2026;Katıldı/Katılmadı;;
267;ÇATAK;K267;18-25;K/E;Genç;26.03.2026;Katıldı/Katılmadı;;
268;ÇATAK;K268;26-40;K/E;Veli;26.03.2026;Katıldı/Katılmadı;;
269;ÇATAK;K269;26-40;K/E;Veli;26.03.2026;Katıldı/Katılmadı;;
270;ÇATAK;K270;26-40;K/E;Veli;26.03.2026;Katıldı/Katılmadı;;
271;ÇATAK;K271;26-40;K/E;Veli;26.03.2026;Katıldı/Katılmadı;;
272;ÇATAK;K272;26-40;K/E;Veli;26.03.2026;Katıldı/Katılmadı;;
273;ÇATAK;K273;41-60;K/E;Veli;26.03.2026;Katıldı/Katılmadı;;
274;ÇATAK;K274;41-60;K/E;Veli;26.03.2026;Katıldı/Katılmadı;;
275;ÇATAK;K275;41-60;K/E;Veli;26.03.2026;Katıldı/Katılmadı;;
276;ÇATAK;K276;41-60;K/E;Veli;26.03.2026;Katıldı/Katılmadı;;
277;ÇATAK;K277;60+;K/E;Yetişkin;26.03.2026;Katıldı/Katılmadı;;
278;ÇATAK;K278;60+;K/E;Yetişkin;26.03.2026;Katıldı/Katılmadı;;
279;ÇATAK;K279;60+;K/E;Yetişkin;26.03.2026;Katıldı/Katılmadı;;
280;ÇATAK;K280;60+;K/E;Yetişkin;26.03.2026;Katıldı/Katılmadı;;
281;ERYERİ;K281;13-17;K/E;Öğrenci;26.03.2026;Katıldı/Katılmadı;;
282;ERYERİ;K282;13-17;K/E;Öğrenci;26.03.2026;Katıldı/Katılmadı;;
283;ERYERİ;K283;13-17;K/E;Öğrenci;26.03.2026;Katıldı/Katılmadı;;
284;ERYERİ;K284;13-17;K/E;Öğrenci;26.03.2026;Katıldı/Katılmadı;;
285;ERYERİ;K285;18-25;K/E;Genç;26.03.2026;Katıldı/Katılmadı;;
286;ERYERİ;K286;18-25;K/E;Genç;26.03.2026;Katıldı/Katılmadı;;
287;ERYERİ;K287;18-25;K/E;Genç;26.03.2026;Katıldı/Katılmadı;;
288;ERYERİ;K288;26-40;K/E;Veli;26.03.2026;Katıldı/Katılmadı;;
289;ERYERİ;K289;26-40;K/E;Veli;26.03.2026;Katıldı/Katılmadı;;
290;ERYERİ;K290;26-40;K/E;Veli;26.03.2026;Katıldı/Katılmadı;;
291;ERYERİ;K291;26-40;K/E;Veli;26.03.2026;Katıldı/Katılmadı;;
292;ERYERİ;K292;26-40;K/E;Veli;26.03.2026;Katıldı/Katılmadı;;
293;ERYERİ;K293;41-60;K/E;Veli;26.03.2026;Katıldı/Katılmadı;;
294;ERYERİ;K294;41-60;K/E;Veli;26.03.2026;Katıldı/Katılmadı;;
295;ERYERİ;K295;41-60;K/E;Veli;26.03.2026;Katıldı/Katılmadı;;
296;ERYERİ;K296;41-60;K/E;Veli;26.03.2026;Katıldı/Katılmadı;;
297;ERYERİ;K297;60+;K/E;Yetişkin;26.03.2026;Katıldı/Katılmadı;;
298;ERYERİ;K298;60+;K/E;Yetişkin;26.03.2026;Katıldı/Katılmadı;;
299;ERYERİ;K299;60+;K/E;Yetişkin;26.03.2026;Katıldı/Katılmadı;;
300;ERYERİ;K300;60+;K/E;Yetişkin;26.03.2026;Katıldı/Katılmadı;;
